epoch,steps,cosine_pearson,cosine_spearman,euclidean_pearson,euclidean_spearman,manhattan_pearson,manhattan_spearman,dot_pearson,dot_spearman
-1,-1,-0.15249592471577533,-0.1632274504304783,-0.1572934728209835,-0.16428408639222775,-0.15773354677905502,-0.1648344160658417,-0.07253775328826507,-0.1259734846947273
-1,-1,0.23405835575554498,0.22956158118031889,0.2187102473771662,0.18823379371935423,0.22234151826914425,0.18961760616789844,0.24524751329233008,0.23948713942071082
-1,-1,0.25119843008550014,0.24535539689972138,0.24728792851463963,0.21057414417928605,0.2489674522675074,0.2091086198638019,0.2543840116411944,0.25154581389620273
-1,-1,0.25119843008550014,0.24535539689972138,0.24728792851463963,0.21057414417928605,0.2489674522675074,0.2091086198638019,0.2543840116411944,0.25154581389620273
